origin_enum;origin_value;origin_lib;target_type;target_value
version;1;version du 1er juillet 2021;;
version;1.1;version corrective du 1er novembre;;
version;2;version avec modèle complet sans contrôle de cohérence;;
version;2.1;version de fin de validation incluant les contrôles de cohérences;;
version;2.2;version de préparation de compatibilité audit/dpe;;
version;2.3;version corrective de janvier 2023;;
version;2.4;version correspondant à l'arrêté des seuils pour les petites surfaces;;
version;2.5;version correspondant à l'obligation de saisie du numéro fiscal de local;;
modele_dpe;1;dpe 3cl 2021 méthode logement;;
modele_dpe;2;dpe neuf logement : rt2012;;
modele_dpe;3;dpe neuf logement : re2020;;
modele_dpe;4;dpe 2006 tertiaire et erp;;
usage_fonctionnel_batiment;1;j : structures d’accueil pour personnes âgées ou personnes handicapées;;
usage_fonctionnel_batiment;2;l : salles d'auditions, de conférences, de réunions, de spectacles ou à usage multiple;;
usage_fonctionnel_batiment;3;m : magasins de vente, centres commerciaux;;
usage_fonctionnel_batiment;4;n : restaurants et débits de boisson;;
usage_fonctionnel_batiment;5;o : hôtels et pensions de famille;;
usage_fonctionnel_batiment;6;p : salles de danse et salles de jeux;;
usage_fonctionnel_batiment;7;r : établissements d’éveil, d’enseignement, de formation, centres de vacances, centres de loisirs sans hébergement;;
usage_fonctionnel_batiment;8;s : bibliothèques, centres de documentation;;
usage_fonctionnel_batiment;9;t : salles d'exposition à vocation commerciale;;
usage_fonctionnel_batiment;10;u : établissements de soins;;
usage_fonctionnel_batiment;11;v : établissements de divers cultes;;
usage_fonctionnel_batiment;12;w : administrations, banques, bureaux;;
usage_fonctionnel_batiment;13;x : établissements sportifs couverts;;
usage_fonctionnel_batiment;14;y : musées;;
usage_fonctionnel_batiment;15;pa : établissements de plein air;;
usage_fonctionnel_batiment;16;cts : chapiteaux, tentes et structures toile;;
usage_fonctionnel_batiment;17;sg : structures gonflables;;
usage_fonctionnel_batiment;18;ps : parcs de stationnement couverts;;
usage_fonctionnel_batiment;19;oa : hôtels-restaurants d'altitude;;
usage_fonctionnel_batiment;20;ga : gares accessibles au public (chemins de fer, téléphériques, remonte-pentes...);;
usage_fonctionnel_batiment;21;ef : établissements flottants (eaux intérieures);;
usage_fonctionnel_batiment;22;ref : refuges de montagne;;
usage_fonctionnel_batiment;23;gha : habitation;;
usage_fonctionnel_batiment;24;gho : hôtel;;
usage_fonctionnel_batiment;25;ghr : enseignement;;
usage_fonctionnel_batiment;26;ghs : dépôt d'archives;;
usage_fonctionnel_batiment;27;ghtc : tour de contrôle;;
usage_fonctionnel_batiment;28;ghu : usage sanitaire;;
usage_fonctionnel_batiment;29;ghw : bureaux;;
usage_fonctionnel_batiment;30;ghz : usage mixte;;
usage_fonctionnel_batiment;31;locaux d'entreprise (bureaux);;
usage_fonctionnel_batiment;32;autres tertiaires non erp;;
consentement_formulaire;0;absence de consentement;;
consentement_formulaire;1;consentement fourni;;
consentement_formulaire;2;consentement non requis;;
commanditaire;1;propriétaire;;
commanditaire;2;non propriétaire;;
categorie_erp;1;1ère catégorie;;
categorie_erp;2;2ème catégorie;;
categorie_erp;3;3ème catégorie;;
categorie_erp;4;4ème catégorie;;
categorie_erp;5;5ème catégorie;;
methode_application_dpe_log;1;dpe maison individuelle;;
methode_application_dpe_log;2;dpe appartement individuel chauffage individuel ecs individuel;;
methode_application_dpe_log;3;dpe appartement individuel chauffage collectif ecs individuel;;
methode_application_dpe_log;4;dpe appartement individuel chauffage individuel ecs collectif;;
methode_application_dpe_log;5;dpe appartement individuel chauffage collectif ecs collectif;;
methode_application_dpe_log;6;dpe immeuble collectif chauffage individuel ecs individuel;;
methode_application_dpe_log;7;dpe immeuble collectif chauffage collectif ecs individuel;;
methode_application_dpe_log;8;dpe immeuble collectif chauffage individuel ecs collectif;;
methode_application_dpe_log;9;dpe immeuble collectif chauffage collectif ecs collectif;;
methode_application_dpe_log;10;dpe appartement généré à partir des données dpe immeuble chauffage individuel ecs individuel;;
methode_application_dpe_log;11;dpe appartement généré à partir des données dpe immeuble chauffage collectif ecs individuel;;
methode_application_dpe_log;12;dpe appartement généré à partir des données dpe immeuble chauffage individuel ecs collectif;;
methode_application_dpe_log;13;dpe appartement généré à partir des données dpe immeuble chauffage collectif ecs collectif;;
methode_application_dpe_log;14;dpe issu d'une étude thermique réglementaire rt2012 bâtiment : maison individuelle;;
methode_application_dpe_log;15;dpe issu d'une étude thermique réglementaire rt2012 bâtiment : appartement chauffage collectif ecs collectif;;
methode_application_dpe_log;16;dpe issu d'une étude thermique réglementaire rt2012 bâtiment : appartement chauffage individuel ecs collectif;;
methode_application_dpe_log;17;dpe issu d'une étude thermique réglementaire rt2012 bâtiment : immeuble;;
methode_application_dpe_log;18;dpe issu d'une étude energie environement réglementaire re2020 bâtiment : maison individuelle;;
methode_application_dpe_log;19;dpe issu d'une étude energie environement réglementaire re2020 bâtiment : appartement chauffage collectif ecs collectif;;
methode_application_dpe_log;20;dpe issu d'une étude energie environement réglementaire re2020 bâtiment : appartement chauffage individuel ecs collectif;;
methode_application_dpe_log;21;dpe issu d'une étude energie environement réglementaire re2020 bâtiment : immeuble;;
methode_application_dpe_log;22;dpe issu d'une étude thermique réglementaire rt2012 bâtiment : appartement chauffage individuel ecs individuel;;
methode_application_dpe_log;23;dpe issu d'une étude thermique réglementaire rt2012 bâtiment : appartement chauffage collectif ecs individuel;;
methode_application_dpe_log;24;dpe issu d'une étude energie environement réglementaire re2020 bâtiment : appartement chauffage collectif ecs individuel;;
methode_application_dpe_log;25;dpe issu d'une étude energie environement réglementaire re2020 bâtiment : appartement chauffage individuel ecs individuel;;
methode_application_dpe_log;26;dpe immeuble collectif chauffage mixte (collectif-individuel) ecs mixte (collectif-individuel);;
methode_application_dpe_log;27;dpe immeuble collectif chauffage mixte (collectif-individuel) ecs individuel;;
methode_application_dpe_log;28;dpe immeuble collectif chauffage mixte (collectif-individuel) ecs collectif;;
methode_application_dpe_log;29;dpe immeuble collectif chauffage individuel ecs mixte (collectif-individuel);;
methode_application_dpe_log;30;dpe immeuble collectif chauffage collectif ecs mixte (collectif-individuel);;
methode_application_dpe_log;31;dpe appartement individuel chauffage mixte (collectif-individuel) ecs individuel;;
methode_application_dpe_log;32;dpe appartement individuel chauffage mixte (collectif-individuel) ecs collectif;;
methode_application_dpe_log;33;dpe appartement généré à partir des données dpe immeuble chauffage mixte (collectif-individuel) ecs individuel;;
methode_application_dpe_log;34;dpe appartement généré à partir des données dpe immeuble chauffage mixte (collectif-individuel) ecs collectif;;
methode_application_dpe_log;35;dpe appartement individuel chauffage mixte (collectif-individuel) ecs mixte (collectif-individuel);;
methode_application_dpe_log;36;dpe appartement individuel chauffage individuel ecs mixte (collectif-individuel);;
methode_application_dpe_log;37;dpe appartement individuel chauffage collectif ecs mixte (collectif-individuel);;
methode_application_dpe_log;38;dpe appartement généré à partir des données dpe immeuble chauffage mixte (collectif-individuel) ecs mixte (collectif-individuel);;
methode_application_dpe_log;39;dpe appartement généré à partir des données dpe immeuble chauffage individuel ecs mixte (collectif-individuel);;
methode_application_dpe_log;40;dpe appartement généré à partir des données dpe immeuble chauffage collectif ecs mixte (collectif-individuel);;
methode_application_dpe_ter;1;dpe tertiaire facture;;
methode_application_dpe_ter;2;dpe tertiaire bâtiment neuf;;
methode_application_dpe_ter;3;dpe tertiaire vierge;;
methode_application_dpe_ter;4;dpe tertiaire vierge neuf;;
methode_application_dpe_ter;5;dpe tertiaire facture dans un bâtiment de logement;;
methode_application_dpe_ter;6;dpe tertiaire bâtiment neuf dans un bâtiment de logement;;
methode_application_dpe_ter;7;dpe tertiaire vierge dans un bâtiment de logement;;
methode_application_dpe_ter;8;dpe tertiaire vierge neuf dans un bâtiment de logement;;
sous_modele_dpe_ter;1;bureaux, services administratifs, enseignement;;
sous_modele_dpe_ter;2;bâtiments à occupation continue;;
sous_modele_dpe_ter;3;autres;;
sous_modele_dpe_ter;4;centre commercial;;
calcul_echantillonnage;1;absence de méthode d’échantillonnage;;
calcul_echantillonnage;2;calcul de l’échantillonnage effectué par un logiciel validé;;
calcul_echantillonnage;3;calcul de l’échantillonnage effectué par le diagnostiqueur;;
periode_construction;1;avant 1948;integer;1900
periode_construction;2;1948-1974;integer;1948
periode_construction;3;1975-1977;integer;1975
periode_construction;4;1978-1982;integer;1978
periode_construction;5;1983-1988;integer;1983
periode_construction;6;1989-2000;integer;1989
periode_construction;7;2001-2005;integer;2001
periode_construction;8;2006-2012;integer;2006
periode_construction;9;2013-2021;integer;2013
periode_construction;10;après 2021;integer;Date d'établissement de l'audit
periode_isolation;1;avant 1948;integer;1900
periode_isolation;2;1948-1974;integer;1948
periode_isolation;3;1975-1977;integer;1975
periode_isolation;4;1978-1982;integer;1978
periode_isolation;5;1983-1988;integer;1983
periode_isolation;6;1989-2000;integer;1989
periode_isolation;7;2001-2005;integer;2001
periode_isolation;8;2006-2012;integer;2006
periode_isolation;9;2013-2021;integer;2013
periode_isolation;10;après 2021;integer;Date d'établissement de l'audit
zone_climatique;1;h1a;enum;h1a
zone_climatique;2;h1b;enum;h1b
zone_climatique;3;h1c;enum;h1c
zone_climatique;4;h2a;enum;h2a
zone_climatique;5;h2b;enum;h2b
zone_climatique;6;h2c;enum;h2c
zone_climatique;7;h2d;enum;h2d
zone_climatique;8;h3;enum;h3
classe_altitude;1;inférieur à 400m;float;200
classe_altitude;2;400-800m;float;600
classe_altitude;3;supérieur à 800m;float;1000
methode_saisie_u;1;non isolé;;
methode_saisie_u;2;isolation inconnue (table forfaitaire);;
methode_saisie_u;3;epaisseur isolation saisie justifiée par mesure ou observation;;
methode_saisie_u;4;epaisseur isolation saisie justifiée à partir des documents justificatifs autorisés;;
methode_saisie_u;5;resistance isolation saisie justifiée observation de l'isolant installé et mesure de son épaisseur;;
methode_saisie_u;6;resistance isolation saisie justifiée à partir des documents justificatifs autorisés;;
methode_saisie_u;7;année d'isolation différente de l'année de construction saisie justifiée (table forfaitaire);;
methode_saisie_u;8;année de construction saisie (table forfaitaire);;
methode_saisie_u;9;saisie direct u justifiée (à partir des documents justificatifs autorisés);;
methode_saisie_u;10;saisie direct u depuis rset/rsee( etude rt2012/re2020);;
methode_saisie_u0;1;type de paroi inconnu (valeur par défaut);;
methode_saisie_u0;2;déterminé selon le matériau et épaisseur à partir de la table de valeur forfaitaire;;
methode_saisie_u0;3;saisie direct u0 justifiée à partir des documents justificatifs autorisés;;
methode_saisie_u0;4;saisie direct u0 correspondant à la performance de la paroi avec son isolation antérieure iti (umur_iti) lorsqu'il y a une surisolation ite réalisée;;
methode_saisie_u0;5;u0 non saisi car le u est saisi connu et justifié.;;
methode_saisie_uporte;1;valeur forfaitaire;;
methode_saisie_uporte;2;valeur justifiée saisie à partir des documents justificatifs autorisés;;
methode_saisie_uporte;3;saisie direct u depuis rset/rsee( etude rt2012/re2020);;
methode_saisie_pont_thermique;1;valeur forfaitaire;;
methode_saisie_pont_thermique;2;valeur justifiée saisie à partir des documents justificatifs autorisés;;
methode_saisie_pont_thermique;3;saisie direct k depuis rset/rsee( etude rt2012/re2020);;
methode_saisie_perf_vitrage;1;ug(opt),uw,ujn(opt) et sw saisi à l'aide des tables de valeurs forfaitaires et des relèves mesurées/observées;;
methode_saisie_perf_vitrage;2;ug saisi directementà partir des documents justificatifs autorisés , autres paramètres calculés avec les tables forfaitaires;;
methode_saisie_perf_vitrage;3;ug,uw saisi directement à partir des documents justificatifs autorisés , autres paramètres calculés avec les tables forfaitaires;;
methode_saisie_perf_vitrage;4;ug,uw,sw saisi directement à partir des documents justificatifs autorisés , ujn calculés avec les tables forfaitaires;;
methode_saisie_perf_vitrage;5;ug,uw,ujn saisi directement à partir des documents justificatifs autorisés , autres paramètres calculés avec les tables forfaitaires;;
methode_saisie_perf_vitrage;6;ug,uw,sw,ujn saisi directement à partir des documents justificatifs autorisés;;
methode_saisie_perf_vitrage;7;ujn, sw recalculés depuis rset/rsee( etude rt2012/re2020);;
methode_saisie_perf_vitrage;8;uw,sw saisi directement à partir des documents justificatifs autorisés , ujn calculés avec les tables forfaitaires;;
methode_saisie_perf_vitrage;9;uw,ujn saisi directement à partir des documents justificatifs autorisés , sw calculés avec les tables forfaitaires;;
methode_saisie_perf_vitrage;10;uw,ujn, sw saisi directement à partir des documents justificatifs autorisés;;
methode_saisie_perf_vitrage;11;ujn, sw saisi directement à partir des documents justificatifs autorisés;;
methode_saisie_perf_vitrage;12;ujn saisi directement à partir des documents justificatifs autorisés, sw calculés avec les tables forfaitaires;;
methode_saisie_perf_vitrage;13;uw saisi directement à partir des documents justificatifs autorisés , ujn,sw calculés avec les tables forfaitaires;;
methode_saisie_perf_vitrage;14;sw saisi directement à partir des documents justificatifs autorisés , ujn,uw calculés avec les tables forfaitaires;;
methode_saisie_perf_vitrage;15;ug,sw saisi directement à partir des documents justificatifs autorisés , ujn,uw calculés avec les tables forfaitaires;;
methode_saisie_carac_sys;1;valeurs forfaitaires;;
methode_saisie_carac_sys;2;caractéristiques saisies à partir de la plaque signalétique ou d'une documentation technique du système à combustion : pn, autres données forfaitaires;;
methode_saisie_carac_sys;3;caractéristiques saisies à partir de la plaque signalétique ou d'une documentation technique du système à combustion : pn, rpn,rpint, autres données forfaitaires;;
methode_saisie_carac_sys;4;caractéristiques saisies à partir de la plaque signalétique ou d'une documentation technique du système à combustion : pn, rpn,rpint,qp0, autres données forfaitaires;;
methode_saisie_carac_sys;5;caractéristiques saisies à partir de la plaque signalétique ou d'une documentation technique du système à combustion : pn, rpn,rpint,qp0,temp_fonc_30,temp_fonc_100;;
methode_saisie_carac_sys;6;caractéristiques saisies à partir de la plaque signalétique ou d'une documentation technique du système thermodynamique : scop/cop/eer;;
methode_saisie_carac_sys;7;déterminé à partir du rset/rsee( etude rt2012/re2020);;
methode_saisie_carac_sys;8;seer saisi pour permettre la saisie de réseau de froid ou de système de climatisations qui ne sont pas éléctriques;;
methode_saisie_q4pa_conv;1;valeur forfaitaire;;
methode_saisie_q4pa_conv;2;déterminé à partir d'une mesure d'étanchéité à l'air de moins de deux ans;;
methode_saisie_q4pa_conv;3;déterminé à partir du rset/rsee( etude rt2012/re2020);;
methode_saisie_fact_couv_sol;1;valeur forfaitaire;;
methode_saisie_fact_couv_sol;2;déterminé à partir d'un document justificatif autorisé;;
classe_inertie;1;très lourde;enum;tres_lourde
classe_inertie;2;lourde;enum;tres_lourde
classe_inertie;3;moyenne;enum;tres_lourde
classe_inertie;4;légère;enum;tres_lourde
type_adjacence;1;extérieur;;
type_adjacence;2;paroi enterrée;;
type_adjacence;3;vide sanitaire;;
type_adjacence;4;bâtiment ou local à usage autre que d'habitation;;
type_adjacence;5;terre-plein;;
type_adjacence;6;sous-sol non chauffé;;
type_adjacence;7;locaux non chauffés non accessible;;
type_adjacence;8;garage;;
type_adjacence;9;cellier;;
type_adjacence;10;espace tampon solarisé (véranda,loggia fermée);;
type_adjacence;11;comble fortement ventilé;;
type_adjacence;12;comble faiblement ventilé;;
type_adjacence;13;comble très faiblement ventilé;;
type_adjacence;14;circulation sans ouverture directe sur l'extérieur;;
type_adjacence;15;circulation avec ouverture directe sur l'extérieur;;
type_adjacence;16;circulation avec bouche ou gaine de désenfumage ouverte en permanence;;
type_adjacence;17;hall d'entrée avec dispositif de fermeture automatique;;
type_adjacence;18;hall d'entrée sans dispositif de fermeture automatique;;
type_adjacence;19;garage privé collectif;;
type_adjacence;20;local tertiaire à l'intérieur de l'immeuble en contact avec l'appartement;;
type_adjacence;21;autres dépendances;;
type_adjacence;22;local non déperditif ( local à usage d'habitation chauffé);;
cfg_isolation_lnc;1;local chauffé non accessible;;
cfg_isolation_lnc;2;lc non isolé + lnc non isolé;;
cfg_isolation_lnc;3;lc non isolé + lnc isolé;;
cfg_isolation_lnc;4;lc isolé + lnc non isolé;;
cfg_isolation_lnc;5;lc isolé + lnc isolé;;
cfg_isolation_lnc;6;lc isolé + espace tampon solarisé orienté nord;;
cfg_isolation_lnc;7;lc isolé + espace tampon solarisé orienté sud;;
cfg_isolation_lnc;8;lc isolé + espace tampon solarisé orienté est/ouest;;
cfg_isolation_lnc;9;lc non isolé + espace tampon solarisé orienté nord;;
cfg_isolation_lnc;10;lc non isolé + espace tampon solarisé orienté sud;;
cfg_isolation_lnc;11;lc non isolé + espace tampon solarisé orienté est/ouest;;
materiaux_structure_mur;1;inconnu;;
materiaux_structure_mur;2;murs en pierre de taille et moellons constitué d'un seul matériaux;;
materiaux_structure_mur;3;murs en pierre de taille et moellons avec remplissage tout venant;;
materiaux_structure_mur;4;murs en pisé ou béton de terre stabilisé (à partir d'argile crue);;
materiaux_structure_mur;5;murs en pan de bois sans remplissage tout venant;;
materiaux_structure_mur;6;murs en pan de bois avec remplissage tout venant;;
materiaux_structure_mur;7;murs bois (rondin);;
materiaux_structure_mur;8;murs en briques pleines simples;;
materiaux_structure_mur;9;murs en briques pleines doubles avec lame d'air;;
materiaux_structure_mur;10;murs en briques creuses;;
materiaux_structure_mur;11;murs en blocs de béton pleins;;
materiaux_structure_mur;12;murs en blocs de béton creux;;
materiaux_structure_mur;13;murs en béton banché;;
materiaux_structure_mur;14;murs en béton de mâchefer;;
materiaux_structure_mur;15;brique terre cuite alvéolaire;;
materiaux_structure_mur;16;béton cellulaire avant 2013;;
materiaux_structure_mur;17;béton cellulaire à partir de 2013;;
materiaux_structure_mur;18;murs en ossature bois avec isolant en remplissage ≥ 2006;;
materiaux_structure_mur;19;murs sandwich béton/isolant/béton (sans isolation rapportée);;
materiaux_structure_mur;20;cloison de plâtre;;
materiaux_structure_mur;21;autre matériau traditionel ancien;;
materiaux_structure_mur;22;autre matériau innovant récent;;
materiaux_structure_mur;23;autre matériau non répertorié;;
materiaux_structure_mur;24;murs en ossature bois avec isolant en remplissage 2001-2005;;
materiaux_structure_mur;25;murs en ossature bois sans remplissage;;
materiaux_structure_mur;26;murs en ossature bois avec isolant en remplissage <2001;;
materiaux_structure_mur;27;murs en ossature bois avec remplissage tout venant;;
type_isolation;1;inconnu;;
type_isolation;2;non isolé;;
type_isolation;3;iti;;
type_isolation;4;ite;;
type_isolation;5;itr;;
type_isolation;6;iti+ite;;
type_isolation;7;iti+itr;;
type_isolation;8;ite+itr;;
type_isolation;9;isolé mais type d'isolation inconnu;;
type_doublage;1;inconnu;;
type_doublage;2;absence de doublage;;
type_doublage;3;doublage indéterminé ou lame d'air inf 15 mm;;
type_doublage;4;doublage indéterminé avec lame d'air sup 15 mm;;
type_doublage;5;doublage connu (plâtre brique bois);;
type_plancher_bas;1;inconnu;;
type_plancher_bas;2;plancher avec ou sans remplissage;;
type_plancher_bas;3;plancher entre solives métalliques avec ou sans remplissage;;
type_plancher_bas;4;plancher entre solives bois avec ou sans remplissage;;
type_plancher_bas;5;plancher bois sur solives métalliques;;
type_plancher_bas;6;bardeaux et remplissage;;
type_plancher_bas;7;voutains sur solives métalliques;;
type_plancher_bas;8;voutains en briques ou moellons;;
type_plancher_bas;9;dalle béton;;
type_plancher_bas;10;plancher bois sur solives bois;;
type_plancher_bas;11;plancher lourd type entrevous terre-cuite, poutrelles béton;;
type_plancher_bas;12;plancher à entrevous isolant;;
type_plancher_bas;13;autre type de plancher non répertorié;;
type_plancher_haut;1;inconnu;;
type_plancher_haut;2;plafond avec ou sans remplissage;;
type_plancher_haut;3;plafond entre solives métalliques avec ou sans remplissage;;
type_plancher_haut;4;plafond entre solives bois avec ou sans remplissage;;
type_plancher_haut;5;plafond bois sur solives métalliques;;
type_plancher_haut;6;plafond bois sous solives métalliques;;
type_plancher_haut;7;bardeaux et remplissage;;
type_plancher_haut;8;dalle béton;;
type_plancher_haut;9;plafond bois sur solives bois;;
type_plancher_haut;10;plafond bois sous solives bois;;
type_plancher_haut;11;plafond lourd type entrevous terre-cuite, poutrelles béton;;
type_plancher_haut;12;combles aménagés sous rampant;;
type_plancher_haut;13;toiture en chaume;;
type_plancher_haut;14;plafond en plaque de plâtre;;
type_plancher_haut;15;autre type de plafond non répertorié;;
type_plancher_haut;16;toitures en bac acier;;
type_vitrage;1;simple vitrage;;
type_vitrage;2;double vitrage;;
type_vitrage;3;triple vitrage;;
type_vitrage;4;survitrage;;
type_vitrage;5;brique de verre;;
type_vitrage;6;polycarbonate;;
inclinaison_vitrage;1;inf25°;;
inclinaison_vitrage;2;25°-75°;;
inclinaison_vitrage;3;sup75°;;
inclinaison_vitrage;4;horizontal;;
type_materiaux_menuiserie;1;brique de verre;;
type_materiaux_menuiserie;2;polycarbonate;;
type_materiaux_menuiserie;3;bois;;
type_materiaux_menuiserie;4;bois/métal;;
type_materiaux_menuiserie;5;pvc;;
type_materiaux_menuiserie;6;métal avec rupture de pont thermique;;
type_materiaux_menuiserie;7;métal sans rupture de pont thermique;;
type_baie;1;paroi en brique de verre pleine;;
type_baie;2;paroi en brique de verre creuse;;
type_baie;3;paroi en polycarbonnate;;
type_baie;4;fenêtres battantes;;
type_baie;5;fenêtres coulissantes;;
type_baie;6;portes-fenêtres coulissantes;;
type_baie;7;portes-fenêtres battantes sans soubassement;;
type_baie;8;portes-fenêtres battantes avec soubassement;;
type_pose;1;nu extérieur;;
type_pose;2;nu intérieur;;
type_pose;3;tunnel;;
type_pose;4;sans objet (brique de verre/polycarbonate);;
type_gaz_lame;1;air;;
type_gaz_lame;2;argon ou krypton;;
type_gaz_lame;3;inconnu;;
orientation;1;sud;;
orientation;2;nord;;
orientation;3;est;;
orientation;4;ouest;;
orientation;5;horizontal;;
type_fermeture;1;abscence de fermeture pour la baie vitrée;;
type_fermeture;2;jalousie accordéon, fermeture à lames orientables y compris les vénitiens extérieurs tout métal, volets battants ou persiennes avec ajours fixes;;
type_fermeture;3;fermeture sans ajours en position déployée, volets roulants alu;;
type_fermeture;4;volets roulants pvc ou bois (e inf 12 mm);;
type_fermeture;5;persienne coulissante et volet battant pvc ou bois (e inf 22 mm);;
type_fermeture;6;volets roulants pvc ou bois (e sup 12 mm);;
type_fermeture;7;persienne coulissante et volet battant pvc ou bois (e sup 22 mm);;
type_fermeture;8;fermeture isolée sans ajours en position déployée;;
type_porte;1;porte simple en bois porte opaque pleine;;
type_porte;2;porte simple en bois porte avec moins de 30% de vitrage simple;;
type_porte;3;porte simple en bois porte avec 30-60% de vitrage simple;;
type_porte;4;porte simple en bois porte avec double vitrage;;
type_porte;5;porte simple en pvc porte opaque pleine;;
type_porte;6;porte simple en pvc porte avec moins de 30% de vitrage simple;;
type_porte;7;porte simple en pvc porte avec 30-60% de vitrage simple;;
type_porte;8;porte simple en pvc porte avec double vitrage;;
type_porte;9;porte simple en métal porte opaque pleine;;
type_porte;10;porte simple en métal porte avec vitrage simple;;
type_porte;11;porte simple en métal porte avec moins de 30% de double vitrage;;
type_porte;12;porte simple en métal porte avec 30-60% de double vitrage;;
type_porte;13;toute menuiserie porte opaque pleine isolée;;
type_porte;14;toute menuiserie porte précédée d’un sas;;
type_porte;15;toute menuiserie porte isolée avec double vitrage;;
type_porte;16;autre type de porte;;
type_liaison;1;plancher bas / mur;;
type_liaison;2;plancher intermédiaire lourd / mur;;
type_liaison;3;plancher haut lourd / mur;;
type_liaison;4;refend / mur;;
type_liaison;5;menuiserie / mur;;
type_ventilation;1;ventilation par ouverture des fenêtres;;
type_ventilation;2;ventilation par entrées d'air hautes et basses;;
type_ventilation;3;vmc sf auto réglable avant 1982;;
type_ventilation;4;vmc sf auto réglable de 1982 à 2000;;
type_ventilation;5;vmc sf auto réglable de 2001 à 2012;;
type_ventilation;6;vmc sf auto réglable après 2012;;
type_ventilation;7;vmc sf hygro a avant 2001;;
type_ventilation;8;vmc sf hygro a de 2001 à 2012;;
type_ventilation;9;vmc sf hygro a après 2012;;
type_ventilation;10;vmc sf gaz avant 2001;;
type_ventilation;11;vmc sf gaz de 2001 à 2012;;
type_ventilation;12;vmc sf gaz après 2012;;
type_ventilation;13;vmc sf hygro b avant 2001;;
type_ventilation;14;vmc sf hygro b de 2001 à 2012;;
type_ventilation;15;vmc sf hygro b après 2012;;
type_ventilation;16;vmc basse pression auto-réglable;;
type_ventilation;17;vmc basse pression hygro a;;
type_ventilation;18;vmc basse pression hygro b;;
type_ventilation;19;vmc df individuelle avec échangeur avant 2013;;
type_ventilation;20;vmc df individuelle avec échangeur à partir de 2013;;
type_ventilation;21;vmc df collective avec échangeur avant 2013;;
type_ventilation;22;vmc df collective avec échangeur à partir de 2013;;
type_ventilation;23;vmc df sans échangeur avant 2013;;
type_ventilation;24;vmc df sans échangeur après 2012;;
type_ventilation;25;ventilation naturelle par conduit;;
type_ventilation;26;ventilation hybride avant 2001;;
type_ventilation;27;ventilation hybride de 2001 à 2012;;
type_ventilation;28;ventilation hybride après 2012;;
type_ventilation;29;ventilation hybride avec entrées d'air hygro avant 2001;;
type_ventilation;30;ventilation hybride avec entrées d'air hygro de 2001 à 2012;;
type_ventilation;31;ventilation hybride avec entrées d'air hygro après 2012;;
type_ventilation;32;ventilation mécanique sur conduit existant avant 2013;;
type_ventilation;33;ventilation mécanique sur conduit existant à partir de 2013;;
type_ventilation;34;ventilation naturelle par conduit avec entrées d'air hygro;;
type_ventilation;35;puits climatique sans échangeur avant 2013;;
type_ventilation;36;puits climatique sans échangeur à partir de 2013;;
type_ventilation;37;puits climatique avec échangeur avant 2013;;
type_ventilation;38;puits climatique avec échangeur à partir de 2013;;
periode_installation_fr;1;avant 2008;;
periode_installation_fr;2;2008-2014;;
periode_installation_fr;3;a partir de 2015;;
type_generateur_fr;1;pac air/air installée avant 2008;;
type_generateur_fr;2;pac air/air installée entre 2008 et 2014;;
type_generateur_fr;3;pac air/air installée à partir de 2015;;
type_generateur_fr;4;pac air/eau installée avant 2008;;
type_generateur_fr;5;pac air/eau installée entre 2008 et 2014;;
type_generateur_fr;6;pac air/eau installée entre 2015 et 2016;;
type_generateur_fr;7;pac air/eau installée après 2017;;
type_generateur_fr;8;pac eau/eau installée avant 2008;;
type_generateur_fr;9;pac eau/eau installée entre 2008 et 2014;;
type_generateur_fr;10;pac eau/eau installée entre 2015 et 2016;;
type_generateur_fr;11;pac eau/eau installée après 2017;;
type_generateur_fr;12;pac eau glycolée/eau installée avant 2008;;
type_generateur_fr;13;pac eau glycolée/eau installée entre 2008 et 2014;;
type_generateur_fr;14;pac eau glycolée/eau installée entre 2015 et 2016;;
type_generateur_fr;15;pac eau glycolée/eau installée après 2017;;
type_generateur_fr;16;pac géothermique installée avant 2008;;
type_generateur_fr;17;pac géothermique installée entre 2008 et 2014;;
type_generateur_fr;18;pac géothermique installée entre 2015 et 2016;;
type_generateur_fr;19;pac géothermique installée après 2017;;
type_generateur_fr;20;autre système thermodynamique électrique;;
type_generateur_fr;21;autre système thermodynamique gaz;;
type_generateur_fr;22;autre système de refroidissement;;
type_generateur_fr;23;réseau de froid urbain;;
type_installation_solaire;1;chauffage solaire (seul ou combiné);;
type_installation_solaire;2;ecs solaire seule sup 5 ans;;
type_installation_solaire;3;ecs solaire seule inf 5 ans;;
type_installation_solaire;4;chauffage + ecs solaire;;
type_installation;1;installation individuelle;;
type_installation;2;installation collective;;
type_installation;3;installation collective multi-bâtiment : modélisée comme un réseau de chaleur;;
type_installation;4;installation hybride collective-individuelle (chauffage base + appoint individuel ou convecteur bi-jonction);;
methode_calcul_conso;1;calcul simple;;
methode_calcul_conso;2;installation collective rapportée à un logement : cas générateur à combustion virtuel ou ecs collective virtuelle;;
methode_calcul_conso;3;installation collective rapportée à un logement : cas générateurs simples (réseau de chaleur, effet joule, pac, cet);;
methode_calcul_conso;4;échantillonage des installations individuelles pour le calcul dpe immeuble (calcul effectué sur un logement représentatif d'un ensemble de logements puis extrapolation sur l'ensemble de logements du groupe);;
methode_calcul_conso;5;installation collective immeuble mixte rapporté à la partie logement : cas générateur à combustion virtuel ou ecs collective virtuelle;;
methode_calcul_conso;6;installation collective immeuble mixte rapporté à la partie logement : cas générateurs simples (réseau de chaleur, effet joule, pac, cet);;
usage_generateur;1;chauffage;;
usage_generateur;2;ecs;;
usage_generateur;3;chauffage + ecs;;
cfg_installation_ch;1;installation de chauffage simple;;
cfg_installation_ch;2;installation de chauffage avec chauffage solaire;;
cfg_installation_ch;3;installation de chauffage avec insert ou poêle bois en appoint;;
cfg_installation_ch;4;installation de chauffage par insert, poêle bois (ou biomasse) avec un chauffage électrique dans la salle de bain;;
cfg_installation_ch;5;installation de chauffage avec en appoint un insert ou poêle bois et un chauffage électrique dans la salle de bain (différent du chauffage principal);;
cfg_installation_ch;6;installation de chauffage avec une chaudière ou une pac en relève d’une chaudière bois;;
cfg_installation_ch;7;installation de chauffage avec chauffage solaire et insert ou poêle bois en appoint;;
cfg_installation_ch;8;installation de chauffage avec chaudière en relève de pac;;
cfg_installation_ch;9;installation de chauffage avec chaudière en relève de pac avec insert ou poêle bois en appoint;;
cfg_installation_ch;10;installation de chauffage collectif avec base + appoint;;
cfg_installation_ch;11;convecteurs bi-jonction;;
lien_generateur_emetteur;1;génération principale - emetteur lié à la génération principale;;
lien_generateur_emetteur;2;génération appoint - emetteur lié à la génération d'appoint;;
lien_generateur_emetteur;3;génération appoint electrique salle de bain - emetteur lié à la génération appoint electrique salle de bain;;
cfg_installation_ecs;1;un seul système d'ecs sans solaire;;
cfg_installation_ecs;2;un seul système d'ecs avec solaire;;
cfg_installation_ecs;3;deux systèmes d'ecs dans une maison ou un appartement;;
type_generateur_ch;1;pac air/air installée avant 2008;;
type_generateur_ch;2;pac air/air installée entre 2008 et 2014;;
type_generateur_ch;3;pac air/air installée à partir de 2015;;
type_generateur_ch;4;pac air/eau installée avant 2008;;
type_generateur_ch;5;pac air/eau installée entre 2008 et 2014;;
type_generateur_ch;6;pac air/eau installée entre 2015 et 2016;;
type_generateur_ch;7;pac air/eau installée après 2017;;
type_generateur_ch;8;pac eau/eau installée avant 2008;;
type_generateur_ch;9;pac eau/eau installée entre 2008 et 2014;;
type_generateur_ch;10;pac eau/eau installée entre 2015 et 2016;;
type_generateur_ch;11;pac eau/eau installée après 2017;;
type_generateur_ch;12;pac eau glycolée/eau installée avant 2008;;
type_generateur_ch;13;pac eau glycolée/eau installée entre 2008 et 2014;;
type_generateur_ch;14;pac eau glycolée/eau installée entre 2015 et 2016;;
type_generateur_ch;15;pac eau glycolée/eau installée après 2017;;
type_generateur_ch;16;pac géothermique installée avant 2008;;
type_generateur_ch;17;pac géothermique installée entre 2008 et 2014;;
type_generateur_ch;18;pac géothermique installée entre 2015 et 2016;;
type_generateur_ch;19;pac géothermique installée après 2017;;
type_generateur_ch;20;cuisinière installé avant 1990;;
type_generateur_ch;21;foyer fermé installé avant 1990;;
type_generateur_ch;22;poêle bûche installé avant 1990;;
type_generateur_ch;23;insert installé avant 1990;;
type_generateur_ch;24;cuisinière installé entre 1990 et 2004;;
type_generateur_ch;25;foyer fermé installé entre 1990 et 2004;;
type_generateur_ch;26;poêle bûche installé entre 1990 et 2004;;
type_generateur_ch;27;insert installé entre 1990 et 2004;;
type_generateur_ch;28;cuisinière installé à partir de 2005 sans label flamme verte;;
type_generateur_ch;29;foyer fermé installé à partir de 2005 sans label flamme verte;;
type_generateur_ch;30;poêle bûche installé à partir de 2005 sans label flamme verte;;
type_generateur_ch;31;insert installé à partir de 2005 sans label flamme verte;;
type_generateur_ch;32;cuisinière installé installé de 2005 à 2006 avec label flamme verte;;
type_generateur_ch;33;foyer fermé installé installé de 2005 à 2006 avec label flamme verte;;
type_generateur_ch;34;poêle bûche installé installé de 2005 à 2006 avec label flamme verte;;
type_generateur_ch;35;insert installé installé de 2005 à 2006 avec label flamme verte;;
type_generateur_ch;36;cuisinière installé installé de 2007 à 2017 avec label flamme verte;;
type_generateur_ch;37;foyer fermé installé installé de 2007 à 2017 avec label flamme verte;;
type_generateur_ch;38;poêle bûche installé installé de 2007 à 2017 avec label flamme verte;;
type_generateur_ch;39;insert installé installé de 2007 à 2017 avec label flamme verte;;
type_generateur_ch;40;cuisinière installé installé à partir de 2018 avec label flamme verte;;
type_generateur_ch;41;foyer fermé installé installé à partir de 2018 avec label flamme verte;;
type_generateur_ch;42;poêle bûche installé installé à partir de 2018 avec label flamme verte;;
type_generateur_ch;43;insert installé installé à partir de 2018 avec label flamme verte;;
type_generateur_ch;44;poêle à granulés installée avant 2012 ou sans label flamme verte;;
type_generateur_ch;45;poêle à granulés flamme verte installé entre 2012 et 2019;;
type_generateur_ch;46;poêle à granulés flamme verte installé à partir de 2020;;
type_generateur_ch;47;poêle fioul ou gpl ou charbon;;
type_generateur_ch;48;poêle à bois bouilleur bûche installé avant 2012;;
type_generateur_ch;49;poêle à bois bouilleur bûche installé à partir de 2012;;
type_generateur_ch;50;générateur à air chaud à combustion avant 2006;;
type_generateur_ch;51;générateur à air chaud à combustion standard a partir de 2006;;
type_generateur_ch;52;générateur à air chaud à combustion à condensation a partir de 2006;;
type_generateur_ch;53;radiateur à gaz indépendant ou autonome avant 2006;;
type_generateur_ch;54;radiateur à gaz indépendant ou autonome après 2006;;
type_generateur_ch;55;chaudière bois bûche avant 1978;;
type_generateur_ch;56;chaudière bois bûche 1978-1994;;
type_generateur_ch;57;chaudière bois bûche 1995-2003;;
type_generateur_ch;58;chaudière bois bûche 2004-2012;;
type_generateur_ch;59;chaudière bois bûche 2013-2017;;
type_generateur_ch;60;chaudière bois bûche 2018-2019;;
type_generateur_ch;61;chaudière bois bûche après 2019;;
type_generateur_ch;62;chaudière bois plaquette avant 1978;;
type_generateur_ch;63;chaudière bois plaquette 1978-1994;;
type_generateur_ch;64;chaudière bois plaquette 1995-2003;;
type_generateur_ch;65;chaudière bois plaquette 2004-2012;;
type_generateur_ch;66;chaudière bois plaquette 2013-2017;;
type_generateur_ch;67;chaudière bois plaquette 2018-2019;;
type_generateur_ch;68;chaudière bois plaquette après 2019;;
type_generateur_ch;69;chaudière bois granulés avant 1978;;
type_generateur_ch;70;chaudière bois granulés 1978-1994;;
type_generateur_ch;71;chaudière bois granulés 1995-2003;;
type_generateur_ch;72;chaudière bois granulés 2004-2012;;
type_generateur_ch;73;chaudière bois granulés 2013-2019;;
type_generateur_ch;74;chaudière bois granulés après 2019;;
type_generateur_ch;75;chaudière fioul classique avant 1970;;
type_generateur_ch;76;chaudière fioul classique 1970-1975;;
type_generateur_ch;77;chaudière fioul classique 1976-1980;;
type_generateur_ch;78;chaudière fioul classique 1981-1990;;
type_generateur_ch;79;chaudière fioul standard 1991-2015;;
type_generateur_ch;80;chaudière fioul standard après 2015;;
type_generateur_ch;81;chaudière fioul basse température 1991-2015;;
type_generateur_ch;82;chaudière fioul basse température après 2015;;
type_generateur_ch;83;chaudière fioul à condensation 1996-2015;;
type_generateur_ch;84;chaudière fioul à condensation après 2015;;
type_generateur_ch;85;chaudière gaz classique avant 1981;;
type_generateur_ch;86;chaudière gaz classique 1981-1985;;
type_generateur_ch;87;chaudière gaz classique 1986-1990;;
type_generateur_ch;88;chaudière gaz standard 1991-2000;;
type_generateur_ch;89;chaudière gaz standard 2001-2015;;
type_generateur_ch;90;chaudière gaz standard après 2015;;
type_generateur_ch;91;chaudière gaz basse température 1991-2000;;
type_generateur_ch;92;chaudière gaz basse température 2001-2015;;
type_generateur_ch;93;chaudière gaz basse température après 2015;;
type_generateur_ch;94;chaudière gaz à condensation 1981-1985;;
type_generateur_ch;95;chaudière gaz à condensation 1986-2000;;
type_generateur_ch;96;chaudière gaz à condensation 2001-2015;;
type_generateur_ch;97;chaudière gaz à condensation après 2015;;
type_generateur_ch;98;convecteur électrique nfc, nf** et nf***;;
type_generateur_ch;99;panneau rayonnant électrique nfc, nf** et nf***;;
type_generateur_ch;100;radiateur électrique nfc, nf** et nf***;;
type_generateur_ch;101;autres émetteurs à effet joule;;
type_generateur_ch;102;plancher ou plafond rayonnant électrique avec régulation terminale;;
type_generateur_ch;103;plancher ou plafond rayonnant électrique sans régulation terminale;;
type_generateur_ch;104;radiateur électrique à accumulation;;
type_generateur_ch;105;convecteur bi-jonction;;
type_generateur_ch;106;chaudière électrique;;
type_generateur_ch;107;réseau de chaleur non isolé;;
type_generateur_ch;108;réseau de chaleur isolé;;
type_generateur_ch;109;chaudière(s) bois multi bâtiment modélisée comme un réseau de chaleur;;
type_generateur_ch;110;chaudière(s) fioul multi bâtiment modélisée comme un réseau de chaleur;;
type_generateur_ch;111;chaudière(s) gaz multi bâtiment modélisée comme un réseau de chaleur;;
type_generateur_ch;112;pompe(s) à chaleur multi bâtiment modélisée comme un réseau de chaleur;;
type_generateur_ch;113;autre système à combustion gaz;;
type_generateur_ch;114;autre système à combustion fioul;;
type_generateur_ch;115;autre système à combustion bois;;
type_generateur_ch;116;autre système à combustion autres energies fossiles (charbon,pétrole etc…);;
type_generateur_ch;117;autre système thermodynamique électrique;;
type_generateur_ch;118;autre système thermodynamique gaz;;
type_generateur_ch;119;système collectif par défaut en abscence d'information : chaudière fioul pénalisante;;
type_generateur_ch;120;chaudière charbon avant 1978;;
type_generateur_ch;121;chaudière charbon 1978-1994;;
type_generateur_ch;122;chaudière charbon 1995-2003;;
type_generateur_ch;123;chaudière charbon 2004-2012;;
type_generateur_ch;124;chaudière charbon 2013-2017;;
type_generateur_ch;125;chaudière charbon 2018-2019;;
type_generateur_ch;126;chaudière charbon après 2019;;
type_generateur_ch;127;chaudière gpl/propane/butane classique avant 1981;;
type_generateur_ch;128;chaudière gpl/propane/butane classique 1981-1985;;
type_generateur_ch;129;chaudière gpl/propane/butane classique 1986-1990;;
type_generateur_ch;130;chaudière gpl/propane/butane standard 1991-2000;;
type_generateur_ch;131;chaudière gpl/propane/butane standard 2001-2015;;
type_generateur_ch;132;chaudière gpl/propane/butane standard après 2015;;
type_generateur_ch;133;chaudière gpl/propane/butane basse température 1991-2000;;
type_generateur_ch;134;chaudière gpl/propane/butane basse température 2001-2015;;
type_generateur_ch;135;chaudière gpl/propane/butane basse température après 2015;;
type_generateur_ch;136;chaudière gpl/propane/butane à condensation 1981-1985;;
type_generateur_ch;137;chaudière gpl/propane/butane à condensation 1986-2000;;
type_generateur_ch;138;chaudière gpl/propane/butane à condensation 2001-2015;;
type_generateur_ch;139;chaudière gpl/propane/butane à condensation après 2015;;
type_generateur_ch;140;poêle à bois bouilleur granulés installé avant 2012;;
type_generateur_ch;141;poêle à bois bouilleur granulés installé à partir de 2012;;
type_generateur_ch;142;réseau de chaleur non répertorié ou inconnu;;
type_generateur_ch;143;pompe à chaleur hybride : partie pompe à chaleur (supprime);;
type_generateur_ch;144;pompe à chaleur hybride : partie chaudière (supprime);;
type_generateur_ch;145;pompe à chaleur hybride : partie pompe à chaleur pac air/eau installée entre 2008 et 2014;;
type_generateur_ch;146;pompe à chaleur hybride : partie pompe à chaleur pac air/eau installée entre 2015 et 2016;;
type_generateur_ch;147;pompe à chaleur hybride : partie pompe à chaleur pac air/eau installée après 2017;;
type_generateur_ch;148;pompe à chaleur hybride : partie chaudière chaudière gaz à condensation 2001-2015;;
type_generateur_ch;149;pompe à chaleur hybride : partie chaudière chaudière gaz à condensation après 2015;;
type_generateur_ch;150;pompe à chaleur hybride : partie chaudière chaudière fioul à condensation 1996-2015;;
type_generateur_ch;151;pompe à chaleur hybride : partie chaudière chaudière fioul à condensation après 2015;;
type_generateur_ch;152;pompe à chaleur hybride : partie chaudière chaudière bois granulés 2013-2019;;
type_generateur_ch;153;pompe à chaleur hybride : partie chaudière chaudière bois granulés après 2019;;
type_generateur_ch;154;pompe à chaleur hybride : partie chaudière chaudière bois bûche 2013-2017;;
type_generateur_ch;155;pompe à chaleur hybride : partie chaudière chaudière bois bûche 2018-2019;;
type_generateur_ch;156;pompe à chaleur hybride : partie chaudière chaudière bois bûche après 2019;;
type_generateur_ch;157;pompe à chaleur hybride : partie chaudière chaudière bois plaquette 2013-2017;;
type_generateur_ch;158;pompe à chaleur hybride : partie chaudière chaudière bois plaquette 2018-2019;;
type_generateur_ch;159;pompe à chaleur hybride : partie chaudière chaudière bois plaquette après 2019;;
type_generateur_ch;160;pompe à chaleur hybride : partie chaudière chaudière gpl/propane/butane à condensation 2001-2015;;
type_generateur_ch;161;pompe à chaleur hybride : partie chaudière chaudière gpl/propane/butane à condensation après 2015;;
type_generateur_ch;162;pompe à chaleur hybride : partie pompe à chaleur pac eau/eau installée entre 2008 et 2014;;
type_generateur_ch;163;pompe à chaleur hybride : partie pompe à chaleur pac eau/eau installée entre 2015 et 2016;;
type_generateur_ch;164;pompe à chaleur hybride : partie pompe à chaleur pac eau/eau installée après 2017;;
type_generateur_ch;165;pompe à chaleur hybride : partie pompe à chaleur pac eau glycolée/eau installée entre 2008 et 2014;;
type_generateur_ch;166;pompe à chaleur hybride : partie pompe à chaleur pac eau glycolée/eau installée entre 2015 et 2016;;
type_generateur_ch;167;pompe à chaleur hybride : partie pompe à chaleur pac eau glycolée/eau installée après 2017;;
type_generateur_ch;168;pompe à chaleur hybride : partie pompe à chaleur pac géothermique installée entre 2008 et 2014;;
type_generateur_ch;169;pompe à chaleur hybride : partie pompe à chaleur pac géothermique installée entre 2015 et 2016;;
type_generateur_ch;170;pompe à chaleur hybride : partie pompe à chaleur pac géothermique installée après 2017;;
type_generateur_ch;171;chaudière(s) charbon multi bâtiment modélisée comme un réseau de chaleur;;
type_emission_distribution;1;convecteur électrique nfc, nf** et nf***;;
type_emission_distribution;2;panneau rayonnant nfc, nf** et nf***;;
type_emission_distribution;3;radiateur électrique nfc, nf** et nf***;;
type_emission_distribution;4;autres émetteurs à effet joule;;
type_emission_distribution;5;soufflage d'air chaud (air soufflé) avec distribution par réseau aéraulique;;
type_emission_distribution;6;plafond rayonnant électrique avec régulation terminale;;
type_emission_distribution;7;plafond rayonnant électrique sans régulation;;
type_emission_distribution;8;plancher rayonnant électrique avec régulation terminale;;
type_emission_distribution;9;plancher rayonnant électrique sans régulation;;
type_emission_distribution;10;radiateur électrique à accumulation;;
type_emission_distribution;11;plancher chauffant sur réseau collectif eau chaude haute température(sup ou egal 65°c);;
type_emission_distribution;12;plancher chauffant sur réseau collectif eau chaude basse ou moyenne température(inf 65°c);;
type_emission_distribution;13;plancher chauffant sur réseau individuel eau chaude haute température(sup ou egal 65°c);;
type_emission_distribution;14;plancher chauffant sur réseau individuel eau chaude basse ou moyenne température(inf 65°c);;
type_emission_distribution;15;plafond chauffant sur réseau collectif eau chaude haute température(sup ou egal 65°c);;
type_emission_distribution;16;plafond chauffant sur réseau collectif eau chaude basse ou moyenne température(inf 65°c);;
type_emission_distribution;17;plafond chauffant sur réseau individuel eau chaude haute température(sup ou egal 65°c);;
type_emission_distribution;18;plafond chauffant sur réseau individuel eau chaude basse ou moyenne température(inf 65°c);;
type_emission_distribution;19;radiateur gaz à ventouse ou sur conduit de fumée;;
type_emission_distribution;20;poêle charbon;;
type_emission_distribution;21;poêle bois;;
type_emission_distribution;22;poêle fioul;;
type_emission_distribution;23;poêle gpl;;
type_emission_distribution;24;radiateur monotube sans robinet thermostatique sur réseau collectif eau chaude haute température(sup ou egal 65°c);;
type_emission_distribution;25;radiateur monotube sans robinet thermostatique sur réseau collectif eau chaude basse ou moyenne température(inf 65°c);;
type_emission_distribution;26;radiateur monotube sans robinet thermostatique sur réseau individuel eau chaude haute température(sup ou egal 65°c);;
type_emission_distribution;27;radiateur monotube sans robinet thermostatique sur réseau individuel eau chaude basse ou moyenne température(inf 65°c);;
type_emission_distribution;28;radiateur monotube avec robinet thermostatique sur réseau collectif eau chaude haute température(sup ou egal 65°c);;
type_emission_distribution;29;radiateur monotube avec robinet thermostatique sur réseau collectif eau chaude basse ou moyenne température(inf 65°c);;
type_emission_distribution;30;radiateur monotube avec robinet thermostatique sur réseau individuel eau chaude haute température(sup ou egal 65°c);;
type_emission_distribution;31;radiateur monotube avec robinet thermostatique sur réseau individuel eau chaude basse ou moyenne température(inf 65°c);;
type_emission_distribution;32;radiateur bitube sans robinet thermostatique sur réseau collectif eau chaude haute température(sup ou egal 65°c);;
type_emission_distribution;33;radiateur bitube sans robinet thermostatique sur réseau collectif eau chaude basse ou moyenne température(inf 65°c);;
type_emission_distribution;34;radiateur bitube sans robinet thermostatique sur réseau individuel eau chaude haute température(sup ou egal 65°c);;
type_emission_distribution;35;radiateur bitube sans robinet thermostatique sur réseau individuel eau chaude basse ou moyenne température(inf 65°c);;
type_emission_distribution;36;radiateur bitube avec robinet thermostatique sur réseau collectif eau chaude haute température(sup ou egal 65°c);;
type_emission_distribution;37;radiateur bitube avec robinet thermostatique sur réseau collectif eau chaude basse ou moyenne température(inf 65°c);;
type_emission_distribution;38;radiateur bitube avec robinet thermostatique sur réseau individuel eau chaude haute température(sup ou egal 65°c);;
type_emission_distribution;39;radiateur bitube avec robinet thermostatique sur réseau individuel eau chaude basse ou moyenne température(inf 65°c);;
type_emission_distribution;40;convecteur bi-jonction;;
type_emission_distribution;41;autres équipements;;
type_emission_distribution;42;soufflage d'air chaud (air soufflé) avec distribution par fluide frigorigène;;
type_emission_distribution;43;plancher chauffant avec distribution par fluide frigorigène (plancher chauffant à détente directe);;
type_emission_distribution;44;plafond chauffant avec distribution par fluide frigorigène (plafond chauffant à détente directe);;
type_emission_distribution;45;radiateur avec distribution par fluide frigorigène (à détente directe);;
type_emission_distribution;46;soufflage d'air chaud (ventiloconvecteur) sur réseau collectif eau chaude haute température(sup ou egal 65°c);;
type_emission_distribution;47;soufflage d'air chaud (ventiloconvecteur) sur réseau collectif eau chaude basse ou moyenne température(inf 65°c);;
type_emission_distribution;48;soufflage d'air chaud (ventiloconvecteur) sur réseau individuel eau chaude haute température(sup ou egal 65°c);;
type_emission_distribution;49;soufflage d'air chaud (ventiloconvecteur) sur réseau individuel eau chaude basse ou moyenne température(inf 65°c);;
type_emission_distribution;50;soufflage d'air chaud sans réseau de distribution (ventiloconvecteur éléctrique);;
temp_distribution_ch;1;abscence de réseau de distribution;;
temp_distribution_ch;2;basse;;
temp_distribution_ch;3;moyenne;;
temp_distribution_ch;4;haute;;
equipement_intermittence;1;absent;;
equipement_intermittence;2;central sans minimum de température;;
equipement_intermittence;3;central avec minimum de température;;
equipement_intermittence;4;par pièce avec minimum de température;;
equipement_intermittence;5;par pièce avec minimum de température et détection de présence;;
equipement_intermittence;6;central collectif;;
equipement_intermittence;7;central collectif avec détection de présence;;
type_regulation;1;sans régulation pièce par pièce;;
type_regulation;2;avec régulation pièce par pièce;;
periode_installation_emetteur;1;avant 1981;;
periode_installation_emetteur;2;entre 1981 et 2000;;
periode_installation_emetteur;3;après 2000;;
type_chauffage;1;chauffage divisé;;
type_chauffage;2;chauffage central;;
type_generateur_ecs;1;cet sur air ambiant (sur local non chauffé) avant 2010;;
type_generateur_ecs;2;cet sur air ambiant (sur local non chauffé) 2010-2014;;
type_generateur_ecs;3;cet sur air ambiant (sur local non chauffé) après 2014;;
type_generateur_ecs;4;cet sur air extérieur avant 2010;;
type_generateur_ecs;5;cet sur air extérieur 2010-2014;;
type_generateur_ecs;6;cet sur air extérieur après 2014;;
type_generateur_ecs;7;cet sur air extrait avant 2010;;
type_generateur_ecs;8;cet sur air extrait 2010-2014;;
type_generateur_ecs;9;cet sur air extrait après 2014;;
type_generateur_ecs;10;pac double service avant 2010;;
type_generateur_ecs;11;pac double service 2010-2014;;
type_generateur_ecs;12;pac double service après 2014;;
type_generateur_ecs;13;poêle à bois bouilleur bûche installé avant 2012;;
type_generateur_ecs;14;poêle à bois bouilleur bûche installé à partir de 2012;;
type_generateur_ecs;15;chaudière bois bûche avant 1978;;
type_generateur_ecs;16;chaudière bois bûche 1978-1994;;
type_generateur_ecs;17;chaudière bois bûche 1995-2003;;
type_generateur_ecs;18;chaudière bois bûche 2004-2012;;
type_generateur_ecs;19;chaudière bois bûche 2013-2017;;
type_generateur_ecs;20;chaudière bois bûche 2018-2019;;
type_generateur_ecs;21;chaudière bois bûche après 2019;;
type_generateur_ecs;22;chaudière bois plaquette avant 1978;;
type_generateur_ecs;23;chaudière bois plaquette 1978-1994;;
type_generateur_ecs;24;chaudière bois plaquette 1995-2003;;
type_generateur_ecs;25;chaudière bois plaquette 2004-2012;;
type_generateur_ecs;26;chaudière bois plaquette 2013-2017;;
type_generateur_ecs;27;chaudière bois plaquette 2018-2019;;
type_generateur_ecs;28;chaudière bois plaquette après 2019;;
type_generateur_ecs;29;chaudière bois granulés avant 1978;;
type_generateur_ecs;30;chaudière bois granulés 1978-1994;;
type_generateur_ecs;31;chaudière bois granulés 1995-2003;;
type_generateur_ecs;32;chaudière bois granulés 2004-2012;;
type_generateur_ecs;33;chaudière bois granulés 2013-2019;;
type_generateur_ecs;34;chaudière bois granulés après 2019;;
type_generateur_ecs;35;chaudière fioul classique avant 1970;;
type_generateur_ecs;36;chaudière fioul classique 1970-1975;;
type_generateur_ecs;37;chaudière fioul classique 1976-1980;;
type_generateur_ecs;38;chaudière fioul classique 1981-1990;;
type_generateur_ecs;39;chaudière fioul standard 1991-2015;;
type_generateur_ecs;40;chaudière fioul standard après 2015;;
type_generateur_ecs;41;chaudière fioul basse température 1991-2015;;
type_generateur_ecs;42;chaudière fioul basse température après 2015;;
type_generateur_ecs;43;chaudière fioul à condensation 1996-2015;;
type_generateur_ecs;44;chaudière fioul à condensation après 2015;;
type_generateur_ecs;45;chaudière gaz classique avant 1981;;
type_generateur_ecs;46;chaudière gaz classique 1981-1985;;
type_generateur_ecs;47;chaudière gaz classique 1986-1990;;
type_generateur_ecs;48;chaudière gaz standard 1991-2000;;
type_generateur_ecs;49;chaudière gaz standard 2001-2015;;
type_generateur_ecs;50;chaudière gaz standard après 2015;;
type_generateur_ecs;51;chaudière gaz basse température 1991-2000;;
type_generateur_ecs;52;chaudière gaz basse température 2001-2015;;
type_generateur_ecs;53;chaudière gaz basse température après 2015;;
type_generateur_ecs;54;chaudière gaz à condensation 1981-1985;;
type_generateur_ecs;55;chaudière gaz à condensation 1986-2000;;
type_generateur_ecs;56;chaudière gaz à condensation 2001-2015;;
type_generateur_ecs;57;chaudière gaz à condensation après 2015;;
type_generateur_ecs;58;accumulateur gaz classique avant 1990;;
type_generateur_ecs;59;accumulateur gaz classique 1990-2000;;
type_generateur_ecs;60;accumulateur gaz classique après 2000;;
type_generateur_ecs;61;accumulateur gaz à condensation 1996-2000;;
type_generateur_ecs;62;accumulateur gaz à condensation après 2000;;
type_generateur_ecs;63;chauffe-eau gaz à production instantanée avant 1980;;
type_generateur_ecs;64;chauffe-eau gaz à production instantanée 1981-1989;;
type_generateur_ecs;65;chauffe-eau gaz à production instantanée 1990-2000;;
type_generateur_ecs;66;chauffe-eau gaz à production instantanée 2001-2015;;
type_generateur_ecs;67;chauffe-eau gaz à production instantanée après 2015;;
type_generateur_ecs;68;ballon électrique à accumulation horizontal;;
type_generateur_ecs;69;ballon électrique à accumulation vertical autres ou inconnue;;
type_generateur_ecs;70;ballon électrique à accumulation vertical catégorie b ou 2 étoiles;;
type_generateur_ecs;71;ballon électrique à accumulation vertical catégorie c ou 3 étoiles;;
type_generateur_ecs;72;réseau de chaleur non isolé;;
type_generateur_ecs;73;réseau de chaleur isolé;;
type_generateur_ecs;74;chaudière(s) bois multi bâtiment modélisée comme un réseau de chaleur;;
type_generateur_ecs;75;chaudière(s) fioul multi bâtiment modélisée comme un réseau de chaleur;;
type_generateur_ecs;76;chaudière(s) gaz multi bâtiment modélisée comme un réseau de chaleur;;
type_generateur_ecs;77;pompe(s) à chaleur multi bâtiment modélisée comme un réseau de chaleur;;
type_generateur_ecs;78;autre système à combustion gaz;;
type_generateur_ecs;79;autre système à combustion fioul;;
type_generateur_ecs;80;autre système à combustion bois;;
type_generateur_ecs;81;autre système à combustion autres energies fossiles (charbon,pétrole etc…);;
type_generateur_ecs;82;autre système thermodynamique électrique;;
type_generateur_ecs;83;autre système thermodynamique gaz;;
type_generateur_ecs;84;système collectif par défaut en abscence d'information : chaudière fioul pénalisante;;
type_generateur_ecs;85;chaudière charbon avant 1978;;
type_generateur_ecs;86;chaudière charbon 1978-1994;;
type_generateur_ecs;87;chaudière charbon 1995-2003;;
type_generateur_ecs;88;chaudière charbon 2004-2012;;
type_generateur_ecs;89;chaudière charbon 2013-2017;;
type_generateur_ecs;90;chaudière charbon 2018-2019;;
type_generateur_ecs;91;chaudière charbon après 2019;;
type_generateur_ecs;92;chaudière gpl/propane/butane classique avant 1981;;
type_generateur_ecs;93;chaudière gpl/propane/butane classique 1981-1985;;
type_generateur_ecs;94;chaudière gpl/propane/butane classique 1986-1990;;
type_generateur_ecs;95;chaudière gpl/propane/butane standard 1991-2000;;
type_generateur_ecs;96;chaudière gpl/propane/butane standard 2001-2015;;
type_generateur_ecs;97;chaudière gpl/propane/butane standard après 2015;;
type_generateur_ecs;98;chaudière gpl/propane/butane basse température 1991-2000;;
type_generateur_ecs;99;chaudière gpl/propane/butane basse température 2001-2015;;
type_generateur_ecs;100;chaudière gpl/propane/butane basse température après 2015;;
type_generateur_ecs;101;chaudière gpl/propane/butane à condensation 1981-1985;;
type_generateur_ecs;102;chaudière gpl/propane/butane à condensation 1986-2000;;
type_generateur_ecs;103;chaudière gpl/propane/butane à condensation 2001-2015;;
type_generateur_ecs;104;chaudière gpl/propane/butane à condensation après 2015;;
type_generateur_ecs;105;accumulateur gpl/propane/butane classique avant 1990;;
type_generateur_ecs;106;accumulateur gpl/propane/butane classique 1990-2000;;
type_generateur_ecs;107;accumulateur gpl/propane/butane classique après 2000;;
type_generateur_ecs;108;accumulateur gpl/propane/butane à condensation 1996-2000;;
type_generateur_ecs;109;accumulateur gpl/propane/butane à condensation après 2000;;
type_generateur_ecs;110;chauffe-eau gpl/propane/butane à production instantanée avant 1980;;
type_generateur_ecs;111;chauffe-eau gpl/propane/butane à production instantanée 1981-1989;;
type_generateur_ecs;112;chauffe-eau gpl/propane/butane à production instantanée 1990-2000;;
type_generateur_ecs;113;chauffe-eau gpl/propane/butane à production instantanée 2001-2015;;
type_generateur_ecs;114;chauffe-eau gpl/propane/butane à production instantanée après 2015;;
type_generateur_ecs;115;poêle à bois bouilleur granulés installé avant 2012;;
type_generateur_ecs;116;poêle à bois bouilleur granulés installé à partir de 2012;;
type_generateur_ecs;117;chauffe-eau électrique instantané;;
type_generateur_ecs;118;chaudière électrique;;
type_generateur_ecs;119;réseau de chaleur non répertorié ou inconnu;;
type_generateur_ecs;120;pompe à chaleur hybride : partie chaudière chaudière gaz à condensation 2001-2015;;
type_generateur_ecs;121;pompe à chaleur hybride : partie chaudière chaudière gaz à condensation après 2015;;
type_generateur_ecs;122;pompe à chaleur hybride : partie chaudière chaudière fioul à condensation 1996-2015;;
type_generateur_ecs;123;pompe à chaleur hybride : partie chaudière chaudière fioul à condensation après 2015;;
type_generateur_ecs;124;pompe à chaleur hybride : partie chaudière chaudière bois granulés 2013-2019;;
type_generateur_ecs;125;pompe à chaleur hybride : partie chaudière chaudière bois granulés après 2019;;
type_generateur_ecs;126;pompe à chaleur hybride : partie chaudière chaudière bois bûche 2013-2017;;
type_generateur_ecs;127;pompe à chaleur hybride : partie chaudière chaudière bois bûche 2018-2019;;
type_generateur_ecs;128;pompe à chaleur hybride : partie chaudière chaudière bois bûche après 2019;;
type_generateur_ecs;129;pompe à chaleur hybride : partie chaudière chaudière bois plaquette 2013-2017;;
type_generateur_ecs;130;pompe à chaleur hybride : partie chaudière chaudière bois plaquette 2018-2019;;
type_generateur_ecs;131;pompe à chaleur hybride : partie chaudière chaudière bois plaquette après 2019;;
type_generateur_ecs;132;pompe à chaleur hybride : partie chaudière chaudière gpl/propane/butane à condensation 2001-2015;;
type_generateur_ecs;133;pompe à chaleur hybride : partie chaudière chaudière gpl/propane/butane à condensation après 2015;;
type_generateur_ecs;134;chaudière(s) charbon multi bâtiment modélisée comme un réseau de chaleur;;
bouclage_reseau_ecs;1;réseau d'ecs non bouclé;;
bouclage_reseau_ecs;2;réseau d'ecs bouclé;;
bouclage_reseau_ecs;3;réseau d'ecs avec présence d'un traceur chauffant;;
type_stockage_ecs;1;abscence de stockage d'ecs (production instantanée);;
type_stockage_ecs;2;stockage indépendant de la production;;
type_stockage_ecs;3;stockage intégré à la production;;
periode_installation_ecs_thermo;1;avant 2010;;
periode_installation_ecs_thermo;2;2010-2014;;
periode_installation_ecs_thermo;3;a partir de 2015;;
type_enr;1;solaire photovoltaïque;;
type_enr;2;eolien;;
type_enr;3;solaire photovoltaïque + eolien;;
type_enr;4;cogénération;;
type_enr;5;solaire photovoltaïque + cogénération;;
type_enr;6;eolien + cogénération;;
type_enr;7;solaire photovoltaïque + eolien + cogénération;;
orientation_pv;1;est;;
orientation_pv;2;sud-est;;
orientation_pv;3;sud;;
orientation_pv;4;sud-ouest;;
orientation_pv;5;ouest;;
inclinaison_pv;1;≤ 15°;;
inclinaison_pv;2;15° < ≤ 45°;;
inclinaison_pv;3;45° < ≤ 75°;;
inclinaison_pv;4;> 75°;;
type_energie;1;électricité;;
type_energie;2;gaz naturel;;
type_energie;3;fioul domestique;;
type_energie;4;bois – bûches;;
type_energie;5;bois – granulés (pellets) ou briquettes;;
type_energie;6;bois – plaquettes forestières;;
type_energie;7;bois – plaquettes d’industrie;;
type_energie;8;réseau de chauffage urbain;;
type_energie;9;propane;;
type_energie;10;butane;;
type_energie;11;charbon;;
type_energie;12;électricité d'origine renouvelable utilisée dans le bâtiment;;
type_energie;13;gpl;;
type_energie;14;autre combustible fossile;;
type_energie;15;réseau de froid urbain;;
type_usage;1;chauffage;;
type_usage;2;eau chaude sanitaire;;
type_usage;3;refroidissement;;
type_usage;4;eclairage;;
type_usage;5;bureautique;;
type_usage;6;ascenseur(s);;
type_usage;7;autres usages;;
type_usage;8;production d'électricité à demeure;;
type_usage;9;abonnements;;
type_usage;10;transports mécaniques;;
type_usage;11;chauffage et eau chaude sanitaire;;
type_usage;12;périmètre de l'usage inconnu;;
type_usage;13;chauffage, eau chaude sanitaire et climatisation;;
type_usage;14;chauffage et climatisation;;
type_usage;15;eau chaude sanitaire et climatisation;;
type_usage;16;auxiliaires et ventilation;;
classe_etiquette;A;A;;
classe_etiquette;B;B;;
classe_etiquette;C;C;;
classe_etiquette;D;D;;
classe_etiquette;E;E;;
classe_etiquette;F;F;;
classe_etiquette;G;G;;
statut_geocodage_ban;1;adresse géocodée ban à l'adresse;;
statut_geocodage_ban;2;adresse non géocodée ban car aucune correspondance trouvée;;
qualite_composant;1;très bonne;;
qualite_composant;2;bonne;;
qualite_composant;3;moyenne;;
qualite_composant;4;insuffisante;;
position_etage_logement;1;rdc;;
position_etage_logement;2;étage intermédiaire;;
position_etage_logement;3;dernier étage;;
typologie_logement;1;t1;;
typologie_logement;2;t2;;
typologie_logement;3;t3;;
typologie_logement;4;t4;;
typologie_logement;5;t5;;
typologie_logement;6;t6;;
typologie_logement;7;t7 ou plus;;
categorie_enr_descriptif;1;pompe à chaleur;;
categorie_enr_descriptif;2;chauffe-eau thermodynamique;;
categorie_enr_descriptif;3;panneaux solaires photovoltaïques;;
categorie_enr_descriptif;4;panneaux solaires thermiques;;
categorie_enr_descriptif;5;géothermie;;
categorie_enr_descriptif;6;réseau de chaleur ou de froid vertueux;;
categorie_enr_descriptif;7;chauffage au bois;;
categorie_enr_descriptif;8;éolienne;;
categorie_enr_descriptif;9;cogénération;;
categorie_descriptif_simplifie;1;murs;;
categorie_descriptif_simplifie;2;planchers bas;;
categorie_descriptif_simplifie;3;toiture/plafond;;
categorie_descriptif_simplifie;4;portes et fenêtres;;
categorie_descriptif_simplifie;5;système de chauffage;;
categorie_descriptif_simplifie;6;système d'ecs;;
categorie_descriptif_simplifie;7;sytème de refroidissement;;
categorie_descriptif_simplifie;8;système de ventilation;;
categorie_descriptif_simplifie;9;dispositifs de pilotage chauffage/climatisation;;
categorie_descriptif_simplifie;10;système de production d'électricité d'origine renouvelable;;
categorie_fiche_technique;1;murs;;
categorie_fiche_technique;2;planchers bas;;
categorie_fiche_technique;3;toiture/plafond;;
categorie_fiche_technique;4;baies vitrées;;
categorie_fiche_technique;5;portes;;
categorie_fiche_technique;6;pont thermique;;
categorie_fiche_technique;7;système de chauffage;;
categorie_fiche_technique;8;système d'ecs;;
categorie_fiche_technique;9;sytème de refroidissement;;
categorie_fiche_technique;10;système de ventilation;;
categorie_fiche_technique;11;général;;
categorie_fiche_technique;12;description échantillon logement pour dpe immeuble;;
num_pack_travaux;1;1;;
num_pack_travaux;2;2;;
num_pack_travaux;3;1+2;;
lot_travaux;1;murs;;
lot_travaux;2;planchers bas;;
lot_travaux;3;toiture/plafond;;
lot_travaux;4;portes et fenêtres;;
lot_travaux;5;système de chauffage;;
lot_travaux;6;système d'ecs;;
lot_travaux;7;sytème de refroidissement;;
lot_travaux;8;système de ventilation;;
lot_travaux;9;energie renouvelable;;
type_justificatif;1;plans de la maison, de l’appartement ou de l’immeuble;;
type_justificatif;2;plan de situation ou plan de masse du bâtiment;;
type_justificatif;3;diagnostic surface habitable;;
type_justificatif;4;avis de taxe d’habitation;;
type_justificatif;5;relevé de propriété;;
type_justificatif;6;règlement de copropriété;;
type_justificatif;7;descriptifs des équipements collectifs fournis par le propriétaire des installations collectives ou le syndic de copropriété;;
type_justificatif;8;descriptifs des équipements individuels des logements non visités par le diagnostiqueur, fournis par le gestionnaire professionnel unique du bâtiment dans le cas d’un propriétaire unique certifiant que tous les lots font l’objet d’une gestion homogène;;
type_justificatif;9;contrat de maintenance ou d’entretien des équipements;;
type_justificatif;10;notices techniques des équipements, y compris celles mise à disposition publiquement par les fabricants;;
type_justificatif;11;permis de construire du bâtiment et, le cas échéant, de ses extensions;;
type_justificatif;12;étude thermique réglementaire;;
type_justificatif;13;rapport de mesure de la perméabilité à l’air;;
type_justificatif;14;rapport mentionnant la composition des parois, obtenue par sondage;;
type_justificatif;15;factures de travaux ou bordereaux de livraison décrivant les travaux réalisés, mentionnant l’adresse du bien;;
type_justificatif;16;photographies des travaux d’isolation, permettant d’identifier le bien et la paroi concernée;;
type_justificatif;17;justificatifs d’obtention d’un crédit d’impôt ou d’une prime de transition énergétique (cite, maprimerénov’).;;
type_justificatif;18;déclaration préalable des travaux de rénovation, dans le cas où cette procédure était nécessaire (par exemple pour une isolation thermique par l’extérieur);;
type_justificatif;19;cahier des charges ou programme de travaux;;
type_justificatif;20;url/api;;
origine_donnee;1;valeur par défaut;;
origine_donnee;2;mesuré/observé;;
origine_donnee;3;issu d'un document justificatif autorisé;;
origine_donnee;4;obtenu en ligne;;
origine_donnee;5;estimé;;
origine_donnee;6;valeur par défaut pénalisante;;
picto_geste_entretien;1;ventilation;;
picto_geste_entretien;2;chaudière;;
picto_geste_entretien;3;radiateur;;
picto_geste_entretien;4;éclairage;;
picto_geste_entretien;5;vitrages;;
picto_geste_entretien;6;circuit de distribution;;
picto_geste_entretien;7;pompe à chaleur;;
picto_geste_entretien;8;insert/poêle bois;;
picto_geste_entretien;9;chauffe-eau;;
picto_geste_entretien;10;chauffe-eau thermodynamique;;
picto_geste_entretien;11;panneau solaire;;
picto_geste_entretien;12;"picto ""neutre""";;
picto_geste_entretien;13;isolation;;
picto_geste_entretien;14;climatisation;;
picto_geste_entretien;15;système chauffage;;
picto_geste_entretien;16;système ecs;;
picto_geste_entretien;17;baies et portes;;
indicateur_confort_ete;1;insuffisant;;
indicateur_confort_ete;2;moyen;;
indicateur_confort_ete;3;bon;;
